,City,Cloudiness,Country,Date,Humidity,Lat,Lng,Max Temp,Wind Speed
0,Busselton,0,AU,1575569963,24,-33.64,115.35,295.93,5.03
1,Butaritari,67,KI,1575569963,72,3.07,172.79,301.99,4.92
2,Parana,75,BR,1575569963,79,-7.52,-72.89,303.15,1.0
3,Bella Vista,0,AR,1575569926,39,-27.03,-65.31,300.15,3.1
4,Wanning,90,AT,1575569963,86,48.64,13.53,272.59,0.5
5,Guymon,1,US,1575569963,37,36.68,-101.48,288.15,2.1
6,East London,30,ZA,1575569801,72,-33.02,27.91,293.15,9.3
7,Port Hueneme,90,US,1575569963,63,34.15,-119.2,291.15,2.6
8,Hobart,90,AU,1575569934,57,-42.88,147.33,284.15,8.7
9,Nikolskoye,75,RU,1575569963,75,59.7,30.79,279.15,8.0
10,Ushuaia,75,AR,1575569963,87,-54.81,-68.31,282.15,15.9
11,Luancheng,94,CN,1575569964,85,37.88,114.65,273.15,2.0
12,Upernavik,4,GL,1575569964,73,72.79,-56.15,258.93,6.36
13,Westport,90,US,1575569833,45,41.14,-73.36,280.15,8.7
14,Shumskiy,0,RU,1575569964,93,54.83,99.13,261.45,2.98
15,Yerbogachen,27,RU,1575569964,96,61.28,108.01,247.21,1.07
16,Wenceslau Braz,100,BR,1575569964,99,-23.87,-49.8,295.93,1.79
17,Yellowknife,90,CA,1575569823,75,62.45,-114.38,247.59,1.5
18,Hualmay,51,PE,1575569964,52,-11.1,-77.61,298.78,4.35
19,Ilam,12,IR,1575569964,81,33.64,46.42,279.15,2.1
20,Waverley,20,AU,1575569964,88,-33.9,151.26,291.48,3.6
21,Cockburn Town,75,TC,1575569964,83,21.46,-71.14,299.15,4.1
22,Atuona,16,PF,1575569964,74,-9.8,-139.03,299.45,5.64
23,College,1,US,1575569738,74,64.86,-147.8,244.15,1.41
24,Chokurdakh,93,RU,1575569964,93,70.62,147.9,247.91,6.44
25,Cape Town,0,ZA,1575569179,21,-33.93,18.42,301.15,7.2
26,Constantine,40,DZ,1575569964,62,36.36,6.61,284.15,2.6
27,Bathsheba,40,BB,1575569964,58,13.22,-59.52,304.15,9.3
28,Rio Grande,0,BR,1575569888,30,-32.03,-52.1,301.15,6.2
29,Castro,40,CL,1575569964,63,-42.48,-73.76,290.15,4.6
30,Karratha,18,AU,1575569964,68,-20.74,116.85,301.29,3.85
31,Maamba,56,ZM,1575569964,49,-17.36,27.22,298.38,2.14
32,Pevek,0,RU,1575569964,84,69.7,170.27,254.96,1.13
33,Laguna,40,BZ,1575569965,83,16.17,-88.94,299.15,3.1
34,Port Hardy,75,CA,1575569869,68,50.7,-127.42,273.15,1.0
35,Bambous Virieux,40,MU,1575569965,83,-20.34,57.76,299.26,3.59
36,Tezu,0,IN,1575569965,32,27.93,96.16,286.91,1.51
37,La Peca,65,PE,1575569965,45,-5.61,-78.44,304.18,0.58
38,Bredasdorp,0,ZA,1575569965,68,-34.53,20.04,295.93,2.6
39,Warmbad,0,DE,1575569965,71,50.67,13.08,273.71,4.1
40,Faanui,89,PF,1575569965,72,-16.48,-151.75,300.78,1.76
41,Victoria,75,BN,1575569965,88,5.28,115.24,299.82,4.2
42,Mar del Plata,0,AR,1575569965,25,-46.43,-67.52,296.43,12.96
43,Albany,40,US,1575569798,51,42.65,-73.75,276.48,7.2
44,Hithadhoo,54,MV,1575569965,80,-0.6,73.08,301.53,4.83
45,Tuatapere,74,NZ,1575569965,77,-46.13,167.69,284.26,0.89
46,Uige,63,AO,1575569965,94,-7.61,15.06,293.58,0.15
47,Mataura,48,NZ,1575569966,77,-46.19,168.86,284.26,0.89
48,New Norfolk,90,AU,1575569966,57,-42.78,147.06,284.15,8.7
49,Saint-Philippe,90,CA,1575569966,80,45.36,-73.48,274.15,8.2
50,Alice Springs,11,AU,1575569966,13,-23.7,133.88,291.15,2.6
51,Saint George,75,GR,1575569966,81,39.45,22.34,282.15,2.1
52,Kieta,100,PG,1575569966,75,-6.22,155.63,299.53,1.66
53,Lebu,91,ET,1575569966,84,8.96,38.73,285.9,2.18
54,Carnarvon,84,ZA,1575569966,35,-30.97,22.13,295.03,6.12
55,Rikitea,0,PF,1575569966,84,-23.12,-134.97,298.38,3.33
56,Chernaya Kholunitsa,100,RU,1575569966,91,58.85,51.72,267.14,6.17
57,Sligo,90,IE,1575569966,100,54.27,-8.48,285.15,12.3
58,Hobyo,98,SO,1575569966,74,5.35,48.53,300.14,5.11
59,Bluff,0,AU,1575569966,77,-23.58,149.07,297.03,1.58
60,Puerto Rondon,0,CO,1575569966,63,6.28,-71.1,303.65,4.44
61,Corrales,49,CO,1575569966,70,5.83,-72.84,288.05,1.43
62,Bethel,90,US,1575569966,92,60.79,-161.76,264.15,6.2
63,Poum,2,MK,1575569966,83,41.28,20.71,273.15,1.0
64,Sibolga,13,ID,1575569966,95,1.74,98.78,294.52,1.5
65,Kodiak,1,US,1575569966,50,39.95,-94.76,288.15,1.5
66,Viedma,0,AR,1575569966,29,-40.81,-62.99,297.5,8.86
67,Barrow,16,AR,1575569967,18,-38.31,-60.23,300.27,2.3
68,Maceio,20,BR,1575569967,51,-9.67,-35.74,303.15,6.7
69,Port Blair,56,IN,1575569967,72,11.67,92.75,299.49,8.46
70,Tuktoyaktuk,90,CA,1575569967,77,69.44,-133.03,255.15,7.7
71,Panubigan,40,PH,1575569967,88,7.13,122.25,298.15,2.2
72,Thompson,75,CA,1575569712,76,55.74,-97.86,249.15,2.6
73,Ostrovnoy,100,RU,1575569967,94,68.05,39.51,267.15,6.49
74,Tiksi,100,RU,1575569967,100,71.64,128.87,245.97,1.67
75,Auray,100,FR,1575569967,93,47.67,-2.99,279.15,1.5
76,Puerto Ayora,20,EC,1575569967,54,-0.74,-90.35,302.15,3.6
77,Espinosa,8,BR,1575569967,67,-14.92,-42.81,300.24,2.61
78,Vaini,5,IN,1575569967,83,15.34,74.49,292.9,3.64
79,Port Alfred,0,ZA,1575569967,84,-33.59,26.89,293.15,3.58
80,Marzuq,33,YE,1575569967,34,14.4,46.47,288.53,1.06
81,Pandan,100,PH,1575569967,80,11.72,122.09,300.12,4.24
82,Punta Arenas,75,CL,1575569967,57,-53.16,-70.91,284.15,15.4
83,Kavaratti,61,IN,1575569967,75,10.57,72.64,301.34,3.5
84,Mount Gambier,90,AU,1575569967,76,-37.83,140.78,285.15,3.6
85,Vernon,90,CA,1575569967,92,50.27,-119.27,273.71,1.0
86,Namibe,75,AO,1575569967,73,-15.19,12.15,298.15,3.27
87,Faya,3,SA,1575569967,87,18.39,42.45,290.15,2.1
88,Arraial do Cabo,75,BR,1575569967,66,-22.97,-42.02,303.15,7.7
89,Manavalakurichi,75,IN,1575569968,94,8.13,77.3,299.15,13.77
90,Fartura,87,BR,1575569968,86,-23.39,-49.51,297.08,5.2
91,Satana,35,IN,1575569968,61,20.6,74.2,293.5,1.66
92,Hays,1,US,1575569968,50,38.88,-99.33,285.15,2.6
93,Yar-Sale,100,RU,1575569968,96,66.83,70.83,259.7,1.34
94,Elko,90,US,1575569968,86,40.83,-115.76,276.15,2.1
95,Hambantota,100,LK,1575569968,85,6.12,81.12,298.83,4.02
96,Komsomolskiy,91,RU,1575569968,96,67.55,63.78,256.49,1.61
97,Kadaya,99,RU,1575569968,95,50.93,119.29,246.54,1.8
98,Hermanus,0,ZA,1575569968,62,-34.42,19.24,295.93,0.45
99,Jamestown,17,AU,1575569774,83,-33.21,138.6,285.31,1.89
100,Mizdah,0,LY,1575569968,38,31.45,12.98,287.13,0.3
101,Puerto Escondido,20,MX,1575569755,66,15.86,-97.07,304.15,2.95
102,Talnakh,40,RU,1575569968,72,69.49,88.39,262.15,9.0
103,Pushkino,90,RU,1575569968,93,56.01,37.85,276.15,8.0
104,Namie,64,JP,1575569968,85,37.52,140.86,277.59,1.34
105,Novobirilyussy,9,RU,1575569969,81,56.95,90.69,265.2,3.75
106,Sosnovo-Ozerskoye,96,RU,1575569969,99,52.53,111.54,253.1,4.1
107,Isla Vista,90,US,1575569969,67,34.41,-119.86,290.15,4.1
108,Bam,0,IR,1575569969,35,29.11,58.36,286.62,1.4
109,Luga,100,RU,1575569969,85,58.74,29.85,277.34,5.64
110,Prince George,90,CA,1575569791,92,53.92,-122.75,265.15,3.1
111,Luderitz,67,NA,1575569969,68,-26.65,15.16,294.15,5.1
112,Soyo,75,AO,1575569969,94,-6.13,12.37,299.15,2.1
113,Ilorin,49,NG,1575569936,24,8.5,4.55,303.62,1.54
114,Lagoa,20,PT,1575569969,63,37.14,-8.45,289.15,2.1
115,Tasiilaq,75,GL,1575569969,58,65.61,-37.64,270.15,4.6
116,Norman Wells,75,CA,1575569969,73,65.28,-126.83,237.15,1.0
117,La Sarre,100,CA,1575569712,87,48.8,-79.2,266.58,4.73
118,Tecoanapa,20,MX,1575569969,70,16.99,-99.26,303.15,3.6
119,Hami,8,CN,1575569969,48,42.84,93.51,267.83,1.39
120,Teya,40,MX,1575569969,51,21.05,-89.07,301.15,2.06
121,Santa catarina de Tepehuanes,21,MX,1575569969,28,25.34,-105.72,292.24,0.49
122,Baykit,93,RU,1575569969,96,61.68,96.39,254.33,0.78
123,Provideniya,100,RU,1575569969,95,64.42,-173.23,262.0,7.23
124,Broome,100,GB,1575569969,87,52.47,1.45,281.15,7.7
125,Hofn,75,IS,1575569969,59,64.25,-15.21,274.15,6.7
126,Shizunai,16,JP,1575569969,69,42.33,142.37,266.29,1.45
127,Sao Joao da Barra,40,BR,1575569970,70,-21.64,-41.05,302.15,8.2
128,Kavieng,81,PG,1575569970,74,-2.57,150.8,301.41,0.75
129,Leningradskiy,100,RU,1575569970,87,69.38,178.42,264.49,7.13
130,Ukiah,90,US,1575569970,93,39.15,-123.21,286.48,1.5
131,Khatanga,0,RU,1575569970,86,71.98,102.47,238.74,4.72
132,Longyearbyen,75,NO,1575569970,74,78.22,15.63,272.15,20.1
133,Muborak,100,UZ,1575569970,54,39.25,65.15,285.06,4.52
134,Jaunpur,0,IN,1575569970,42,25.75,82.69,289.93,0.63
135,Cherskiy,1,RU,1575569970,64,68.75,161.3,254.94,4.4
136,Alushta,0,UA,1575569970,47,44.68,34.41,279.88,1.65
137,Karasjok,13,NO,1575569970,85,69.47,25.52,269.15,3.6
138,Dunedin,30,NZ,1575569970,71,-45.87,170.5,285.0,4.41
139,Camopi,46,GF,1575569970,82,3.17,-52.33,300.79,1.81
140,Buala,99,SB,1575569970,78,-8.15,159.59,299.56,1.21
141,Balakhta,14,RU,1575569970,89,55.38,91.62,261.19,1.06
142,Ishigaki,100,JP,1575569970,88,24.34,124.16,293.37,13.43
143,Lake Havasu City,1,US,1575569970,87,34.47,-114.34,288.15,1.5
144,Palmer,20,AU,1575569970,81,-34.85,139.16,286.48,3.6
145,Airai,77,TL,1575569970,61,-8.93,125.41,292.62,1.79
146,Verkhnevilyuysk,44,RU,1575569970,96,63.45,120.31,233.03,2.14
147,Aginskoye,0,RU,1575569970,81,51.11,114.54,259.63,7.59
148,Husavik,98,CA,1575569970,84,50.56,-96.99,267.59,4.92
149,Ilulissat,5,GL,1575569939,42,69.22,-51.1,260.15,5.7
150,Qaqortoq,20,GL,1575569970,31,60.72,-46.03,267.15,2.1
151,Puerto Baquerizo Moreno,40,EC,1575569970,74,-0.9,-89.6,299.15,7.2
152,Torbay,20,CA,1575569970,87,47.66,-52.73,284.15,11.3
153,Ribeira Grande,20,PT,1575569970,63,38.52,-28.7,292.15,1.0
154,Flin Flon,40,CA,1575569971,84,54.77,-101.88,254.15,3.1
155,Tigil,98,RU,1575569971,73,57.8,158.67,261.53,1.37
156,Pocos de Caldas,75,BR,1575569700,100,-21.79,-46.56,294.15,3.31
157,Hilo,90,US,1575569971,88,19.71,-155.08,294.15,1.5
158,Isangel,92,VU,1575569971,86,-19.55,169.27,298.39,3.75
159,Salina Cruz,46,MX,1575569971,68,16.18,-95.2,301.06,11.31
160,Marawi,100,PH,1575569971,93,8.0,124.29,297.59,2.24
161,Taunggyi,10,MM,1575569971,93,20.78,97.03,285.55,0.75
162,Sitka,0,US,1575569971,53,37.17,-99.65,285.37,0.84
163,Portsmouth,20,GB,1575569971,81,50.8,-1.08,284.15,4.6
164,Tshikapa,90,CD,1575569971,97,-6.42,20.79,294.42,0.85
165,Mogadishu,74,SO,1575569971,78,2.04,45.34,300.46,4.84
166,Kosamba,75,IN,1575569971,69,21.48,72.95,299.15,2.1
167,Portland,11,US,1575569919,56,43.66,-70.25,278.15,6.2
168,Santo Antonio do Ica,59,BR,1575569971,53,-3.1,-67.94,306.55,1.97
169,Port Lincoln,15,AU,1575569971,84,-34.72,135.86,286.91,3.73
170,Nantucket,1,US,1575569971,48,41.28,-70.1,280.15,6.2
171,San Juan,0,AR,1575569971,9,-31.54,-68.53,305.05,5.97
172,Shu,85,KZ,1575569971,49,43.6,73.76,277.35,3.06
173,San Cristobal,81,HN,1575569971,60,14.68,-86.92,297.68,2.41
174,Jinji,100,CN,1575569971,22,22.16,112.49,287.58,6.4
175,Fort Morgan,90,US,1575569971,74,40.25,-103.8,278.15,2.1
176,Ribas do Rio Pardo,25,BR,1575569971,72,-20.45,-53.76,301.9,6.88
177,Puksoozero,100,RU,1575569971,97,62.59,40.61,274.47,5.63
178,Waingapu,72,ID,1575569972,69,-9.65,120.26,302.78,3.17
179,Qaanaaq,99,GL,1575569972,59,77.48,-69.36,254.17,4.33
180,Sao Filipe,43,CV,1575569972,79,14.9,-24.5,293.66,8.41
181,Okha,100,RU,1575569972,91,53.59,142.95,264.05,9.84
182,Bobrovka,100,RU,1575569972,96,52.3,45.54,273.64,5.38
183,Kaka,100,TM,1575569972,80,37.35,59.62,281.12,3.7
184,Armidale,0,AU,1575569972,56,-30.51,151.67,280.37,1.82
185,Taltal,11,CL,1575569972,68,-25.41,-70.49,291.2,4.06
186,Tamasane,75,BW,1575569972,68,-22.42,27.4,293.15,5.1
187,Ballina,90,IE,1575569972,100,54.11,-9.15,285.15,12.3
188,Nazca,17,PE,1575569972,35,-14.83,-74.94,303.17,5.35
189,Lyngseidet,40,NO,1575569972,64,69.58,20.21,275.15,4.6
190,Tsumeb,75,NA,1575569972,82,-19.25,17.72,292.15,3.1
191,Dikson,100,RU,1575569972,97,73.51,80.55,251.66,3.48
192,Teeswater,100,CA,1575569972,72,44.0,-81.29,274.82,3.58
193,Saskylakh,43,RU,1575569973,99,71.97,114.09,235.16,1.19
194,Kapaa,40,US,1575569944,83,22.08,-159.32,297.15,6.7
195,Palm Springs,1,US,1575569973,63,33.82,-116.54,289.15,1.5
196,Pochutla,20,MX,1575569973,55,15.74,-96.47,304.82,4.1
197,Wattegama,100,LK,1575569973,97,7.35,80.68,295.05,0.97
198,Narsaq,20,GL,1575569973,31,60.91,-46.05,267.15,2.1
199,Sumenep,100,ID,1575569973,70,-7.02,113.87,301.69,1.44
200,Bilibino,31,RU,1575569973,88,68.06,166.44,248.96,4.0
201,Farias Brito,40,BR,1575569973,21,-6.93,-39.57,308.15,3.6
202,Avarua,2,CK,1575569757,78,-21.21,-159.78,299.15,3.1
203,Cabadiangan,75,PH,1575569973,83,10.45,123.98,299.15,0.5
204,Chuy,37,UY,1575569973,48,-33.69,-53.46,294.71,5.46
205,Formosa do Rio Preto,36,BR,1575569973,46,-11.04,-45.19,304.85,2.47
206,Sovetskiy,98,RU,1575569973,97,56.76,48.47,273.38,7.55
207,Prostejov,90,CZ,1575569973,86,49.47,17.11,272.15,3.6
208,Nara,75,JP,1575569973,49,34.68,135.8,282.15,10.3
209,Katsuura,75,JP,1575569973,49,33.93,134.5,281.15,7.2
210,Katete,29,UG,1575569973,96,-0.78,29.75,287.99,0.88
211,Port Elizabeth,90,US,1575569973,38,39.31,-74.98,280.37,7.7
212,Turukhansk,100,RU,1575569973,93,65.8,87.96,262.78,6.92
213,Kruisfontein,0,ZA,1575569974,70,-34.0,24.73,290.66,5.58
214,Gat,85,SN,1575569974,27,14.69,-16.54,304.15,2.1
215,Nuuk,20,GL,1575569974,78,64.17,-51.74,261.15,5.1
216,Green River,90,US,1575569974,100,41.53,-109.47,273.71,2.1
217,Kaeo,0,NZ,1575569974,100,-35.1,173.78,288.15,0.97
218,Turayf,0,SA,1575569974,66,31.68,38.65,285.15,2.6
219,Yumen,40,CN,1575569974,47,40.29,97.04,266.47,3.86
220,Parsons,40,US,1575569974,42,37.34,-95.26,291.15,3.1
221,Najran,0,SA,1575569974,45,17.54,44.22,291.15,2.1
222,Singida,100,TZ,1575569974,76,-4.82,34.75,293.86,1.03
223,Codrington,0,AU,1575569974,76,-28.95,153.24,292.04,3.1
224,Madisonville,1,US,1575569727,43,37.33,-87.5,287.15,2.6
225,Tommot,100,RU,1575569974,95,58.97,126.27,254.27,3.92
226,Rauma,40,FI,1575569974,75,61.13,21.5,279.15,6.7
227,Abashiri,100,JP,1575569974,66,44.01,144.25,271.43,6.31
228,Sinazongwe,71,ZM,1575569974,56,-17.26,27.46,301.97,3.44
229,Petropavlovsk-Kamchatskiy,91,RU,1575569975,85,53.05,158.65,262.15,3.0
230,Bom Jesus da Lapa,5,BR,1575569975,28,-13.25,-43.41,309.15,3.1
231,Tabora,40,TZ,1575569975,88,-5.02,32.81,295.15,2.6
232,Inirida,100,CO,1575569975,95,3.87,-67.92,299.39,0.98
233,Humaita,40,AR,1575569975,47,-24.93,-65.37,298.15,4.1
234,West Plains,90,US,1575569975,38,36.73,-91.85,289.15,3.6
235,Silvan,90,TR,1575569975,93,38.14,41.01,281.15,3.6
236,Georgetown,40,GY,1575569817,70,6.8,-58.16,304.15,5.1
237,Puerto Cabezas,40,NI,1575569762,55,14.04,-83.39,303.15,7.2
238,Yayva,99,RU,1575569975,80,59.33,57.26,260.93,0.89
239,Satellite Beach,1,US,1575569975,45,28.18,-80.59,294.82,3.6
240,Lodhran,0,PK,1575569975,25,29.54,71.63,289.79,1.8
241,Geraldton,75,CA,1575569975,85,49.72,-86.95,264.15,1.19
242,Prince Rupert,75,CA,1575569975,93,54.32,-130.32,275.15,3.1
243,Rio Branco,75,BR,1575569976,66,-9.98,-67.82,304.15,2.1
244,Bermeo,40,ES,1575569976,93,43.42,-2.72,285.37,2.1
245,Daru,88,PG,1575569976,93,-9.07,143.21,297.76,1.56
246,Den Helder,90,NL,1575569976,93,52.96,4.76,282.15,9.8
247,Ihlow,0,DE,1575569976,86,52.62,14.07,275.93,4.6
248,Ingham,92,AU,1575569868,93,-18.65,146.16,296.61,0.54
249,Tautira,90,PF,1575569976,69,-17.73,-149.15,301.15,2.1
250,Malanje,92,AO,1575569976,95,-9.54,16.35,293.16,1.64
251,Shimoda,100,JP,1575569976,76,34.7,138.93,280.93,15.56
252,Galveston,40,US,1575569903,65,40.58,-86.19,280.37,3.1
253,Thurso,90,CA,1575569976,63,45.6,-75.25,270.37,4.6
254,Talcahuano,0,CL,1575569976,59,-36.72,-73.12,292.15,10.3
255,Murray Bridge,15,AU,1575569976,83,-35.12,139.28,285.93,0.45
256,Los Llanos de Aridane,40,ES,1575569976,52,28.66,-17.92,292.59,8.2
257,Ushtobe,100,KZ,1575569976,39,45.25,77.98,277.55,2.32
258,Alofi,59,NU,1575569878,94,-19.06,-169.92,297.15,1.0
259,Lompoc,90,US,1575569692,93,34.64,-120.46,290.15,4.6
260,Moose Factory,90,CA,1575569976,85,51.26,-80.61,268.15,7.2
261,Diban,100,SY,1575569976,62,35.02,40.51,286.79,5.68
262,Mahajanga,20,MG,1575569976,79,-15.72,46.32,302.15,5.1
263,Shingu,99,JP,1575569976,65,33.72,135.99,282.3,7.27
264,Tucurui,71,BR,1575569976,63,-3.77,-49.67,304.23,0.9
265,Conde,67,BR,1575569976,76,-11.81,-37.61,299.98,4.93
266,Mocuba,30,MZ,1575569976,91,-16.84,36.99,296.33,2.43
267,Panguna,98,PG,1575569977,96,-6.32,155.48,293.89,0.82
268,North Bend,90,US,1575569923,100,43.41,-124.22,283.15,3.1
269,Barahona,40,DO,1575569977,66,18.21,-71.1,304.15,7.7
270,Bozhou,40,CN,1575569977,75,33.86,115.78,274.89,3.3
271,Carmen,75,PH,1575569977,88,7.36,125.71,299.15,0.79
272,Waddan,0,LY,1575569977,41,29.16,16.14,292.01,2.53
273,Guerrero Negro,0,MX,1575569977,49,27.97,-114.04,295.78,5.63
274,Hede,88,SE,1575569977,75,60.45,15.49,279.15,8.2
275,Rafraf,20,TN,1575569977,82,37.19,10.18,287.15,1.0
276,Iqaluit,90,CA,1575569964,78,63.75,-68.52,263.15,2.1
277,Beringovskiy,100,RU,1575569977,88,63.05,179.32,269.88,10.93
278,Gilroy,20,US,1575569977,100,37.01,-121.56,288.15,1.16
279,Vestmanna,47,FO,1575569977,69,62.16,-7.17,277.15,3.1
280,Ketchikan,1,US,1575569977,100,55.34,-131.65,275.15,2.6
281,Hoquiam,90,US,1575569977,93,46.98,-123.89,283.15,5.1
282,Nouadhibou,0,MR,1575569977,60,20.93,-17.03,294.15,6.2
283,Nanortalik,37,GL,1575569977,50,60.14,-45.24,271.92,0.95
284,Santa Isabel do Rio Negro,96,BR,1575569977,92,-0.41,-65.02,300.69,1.82
285,Tura,100,RU,1575569977,94,64.27,100.22,252.7,2.18
286,Deputatskiy,100,RU,1575569977,99,69.3,139.9,247.89,1.07
287,Oranjestad,40,AW,1575569836,59,12.52,-70.03,305.15,7.7
288,Necochea,20,AR,1575569977,60,-38.55,-58.74,291.48,2.24
289,Mahebourg,40,MU,1575569978,83,-20.41,57.7,299.26,1.71
290,Pennagaram,42,IN,1575569978,95,12.13,77.9,292.24,2.14
291,Cayenne,45,GF,1575569978,74,4.94,-52.33,302.15,3.1
292,Riberalta,75,BO,1575569978,62,-11.0,-66.08,305.15,3.1
293,Kutum,0,SD,1575569978,17,14.2,24.66,292.13,2.24
294,Misratah,0,LY,1575569978,62,32.38,15.09,293.07,4.21
295,Walvis Bay,62,NA,1575569978,72,-22.95,14.51,293.15,1.5
296,Uyuni,9,BO,1575569978,16,-20.46,-66.82,291.81,6.12
297,Rovaniemi,90,FI,1575569978,91,66.5,25.72,273.15,6.2
298,Aklavik,90,CA,1575569978,71,68.22,-135.01,257.15,6.7
299,Canning,14,AR,1575569978,40,-34.86,-58.5,299.82,4.6
300,Rawson,0,AR,1575569978,68,-43.3,-65.11,286.6,6.95
301,Paita,0,PE,1575569978,100,-5.09,-81.11,290.15,6.7
302,Cortez,90,US,1575569978,100,37.35,-108.58,274.82,6.12
303,Conceicao do Araguaia,75,BR,1575569978,44,-8.26,-49.26,309.15,5.1
304,Salamina,38,CO,1575569978,69,5.41,-75.49,296.51,0.45
305,Bahia Honda,96,CU,1575569978,55,22.9,-83.16,296.71,2.95
306,Severo-Kurilsk,93,RU,1575569978,86,50.68,156.12,267.42,12.57
307,Harper,1,US,1575569978,38,30.3,-99.24,297.15,6.2
308,Margate,90,AU,1575569978,57,-43.03,147.26,284.15,8.7
309,Chapada dos Guimaraes,75,BR,1575569978,83,-15.46,-55.75,299.15,3.1
310,Saint-Paul,0,FR,1575569978,75,45.22,1.9,278.15,1.0
311,Sokna,75,NO,1575569978,80,60.24,9.92,277.15,9.3
312,Quelimane,40,MZ,1575569978,69,-17.88,36.89,301.15,5.7
313,Kingaroy,0,AU,1575569979,71,-26.54,151.84,284.15,0.64
314,Kantunilkin,75,MX,1575569979,61,21.1,-87.49,300.15,2.1
315,Zambezi,89,ZM,1575569979,87,-13.55,23.12,293.71,1.54
316,Tarnos,0,FR,1575569979,93,43.54,-1.46,286.48,1.5
317,Maldonado,75,UY,1575569979,59,-34.91,-54.96,290.15,7.7
318,Kirakira,99,SB,1575569979,88,-10.46,161.92,297.53,2.51
319,Little Current,1,CA,1575569979,73,45.98,-81.93,270.37,6.2
320,Matagami,0,NG,1575569979,35,9.67,8.4,297.59,0.94
321,Zavyalovo,99,RU,1575569979,68,54.51,82.45,272.15,5.0
322,Kandrian,62,PG,1575569979,85,-6.21,149.55,295.28,0.86
323,Bintulu,75,MY,1575569979,94,3.17,113.03,298.15,1.0
324,Touros,20,BR,1575569979,43,-5.2,-35.46,304.15,6.2
325,Amahai,100,ID,1575569979,72,-3.31,129.0,302.16,1.82
326,Milkovo,20,BG,1575569979,74,41.53,24.68,279.82,2.1
327,Zhangjiakou,0,CN,1575569979,69,40.77,114.88,259.85,1.16
328,Honiara,40,SB,1575569979,94,-9.43,159.96,296.15,1.0
329,Belgrade,90,RS,1575569769,74,44.82,20.46,273.15,2.6
330,Simplicio Mendes,94,BR,1575569979,25,-7.85,-41.91,310.32,1.47
331,Samarinda,100,ID,1575569980,98,-0.5,117.14,296.51,0.3
332,Fairbanks,1,US,1575569980,74,64.84,-147.72,244.15,1.64
333,Tevaitoa,100,PF,1575569980,75,-16.78,-151.5,300.79,2.76
334,Lavrentiya,100,RU,1575569980,86,65.58,-170.99,263.28,9.15
335,Yulara,0,AU,1575569980,9,-25.24,130.99,297.15,3.1
336,Shenjiamen,100,CN,1575569980,79,29.96,122.3,285.03,12.62
337,Hovd,75,NO,1575569980,75,63.83,10.7,278.15,5.7
338,Palembang,100,ID,1575569980,96,-2.99,104.76,296.96,1.36
339,Palana,100,RU,1575569980,75,59.08,159.95,262.55,2.13
340,Bilma,0,NE,1575569980,16,18.69,12.92,296.04,3.8
341,Clyde River,75,CA,1575569980,83,70.47,-68.59,250.15,3.6
342,Abu Samrah,36,SY,1575569980,79,35.3,37.18,282.93,5.54
343,Caxito,75,BR,1575569980,66,-22.65,-42.51,303.15,7.7
344,Betsiamites,90,CA,1575569980,63,48.94,-68.65,272.15,3.1
345,Trairi,72,BR,1575569980,40,-3.28,-39.27,305.18,5.13
346,Trincomalee,100,LK,1575569980,98,8.58,81.23,296.43,1.23
347,Aripuana,32,BR,1575569980,42,-9.17,-60.63,307.92,1.08
348,Araouane,47,ML,1575569980,23,18.9,-3.53,294.67,0.29
349,Corinto,40,CO,1575569980,48,3.17,-76.26,303.15,1.5
350,Erdenet,0,MN,1575569980,70,49.03,104.04,256.9,1.47
351,Meulaboh,78,ID,1575569980,80,4.14,96.13,300.57,2.88
352,Taga,59,ID,1575569980,81,-8.61,120.44,294.17,1.23
353,Imeni Poliny Osipenko,84,RU,1575569980,93,52.42,136.49,251.53,4.9
354,Kaitangata,49,NZ,1575569980,77,-46.28,169.85,284.08,5.43
355,Nicoya,40,CR,1575569702,58,10.15,-85.45,304.15,3.6
356,Goderich,97,CA,1575569712,85,43.74,-81.71,274.26,4.92
357,Popondetta,94,PG,1575569981,96,-8.77,148.24,291.77,0.86
358,Angoche,9,MZ,1575569981,75,-16.23,39.91,300.12,3.82
359,Naze,40,NG,1575569981,79,5.43,7.07,302.15,3.1
360,Te Anau,96,NZ,1575569981,92,-45.41,167.72,282.4,2.11
361,Itacoatiara,6,BR,1575569981,33,-3.14,-58.44,310.27,2.56
362,Sooke,90,CA,1575569981,87,48.37,-123.73,280.93,2.1
363,Fria,0,GN,1575569981,38,10.36,-13.58,301.72,1.68
364,Souillac,0,FR,1575569981,87,45.6,-0.6,280.93,1.0
365,Chamba,0,IN,1575569981,29,32.56,76.12,281.96,3.25
366,Uarini,20,BR,1575569981,74,-2.98,-65.16,304.15,3.1
367,Painesville,90,US,1575569981,59,41.72,-81.25,276.48,7.7
368,Boguchany,27,RU,1575569981,95,58.38,97.46,255.36,1.48
369,La Ligua,0,CL,1575569981,72,-32.45,-71.23,291.15,9.3
370,Neryungri,100,RU,1575569981,92,56.66,124.71,253.95,3.28
371,Anori,98,BR,1575569981,47,-3.74,-61.66,307.36,1.7
372,Northam,0,AU,1575569981,25,-31.65,116.67,302.15,8.7
373,Rehoboth,100,NA,1575569981,81,-23.31,17.08,288.36,4.68
374,Solnechnyy,0,RU,1575569982,90,50.72,136.64,249.89,2.1
375,Kahului,40,US,1575569982,69,20.89,-156.47,298.15,3.6
376,Kolvereid,20,NO,1575569982,64,64.86,11.6,277.15,8.7
377,Caravelas,74,BR,1575569982,74,-17.73,-39.27,302.21,5.85
378,Libano,5,IT,1575569982,80,46.15,12.16,278.15,1.5
379,Akdagmadeni,81,TR,1575569982,97,39.66,35.88,265.95,2.62
380,Chifeng,0,CN,1575569883,34,42.27,118.96,257.83,2.75
381,Cabedelo,20,BR,1575569982,52,-6.97,-34.84,304.15,6.2
382,Pareora,0,NZ,1575569982,83,-44.49,171.21,281.93,2.43
383,Chaumont,90,FR,1575569982,100,48.11,5.14,272.59,1.5
384,Shuyskoye,100,RU,1575569982,90,59.37,41.03,275.17,6.27
385,Klaksvik,44,FO,1575569982,69,62.23,-6.59,277.15,3.1
386,Itaitinga,92,BR,1575569799,58,-3.97,-38.53,303.15,6.7
387,Barra Patuca,25,HN,1575569982,67,15.8,-84.28,299.69,5.23
388,Keetmanshoop,75,NA,1575569982,32,-26.57,18.15,301.15,6.2
389,Hervey Bay,10,AU,1575569982,94,-25.3,152.85,296.15,4.1
390,Pangody,100,RU,1575569982,95,65.85,74.49,259.9,2.92
391,Hamilton,75,CA,1575569436,72,43.26,-79.87,274.82,8.7
392,Colares,0,PT,1575569983,62,38.8,-9.45,289.15,3.1
393,Cidreira,28,BR,1575569983,73,-30.17,-50.22,294.58,9.04
394,Zhigansk,91,RU,1575569983,93,66.77,123.37,236.08,4.38
395,Comodoro Rivadavia,40,AR,1575569972,44,-45.87,-67.48,297.15,3.1
396,Vigeland,75,NO,1575569983,93,58.46,8.52,280.93,9.3
397,Kommunar,75,RU,1575569983,75,59.62,30.39,279.15,8.0
398,Jever,75,DE,1575569983,93,53.57,7.9,276.15,6.7
399,San Patricio,0,PY,1575569983,29,-26.98,-56.83,301.71,4.4
400,Ajdabiya,0,LY,1575569983,32,30.75,20.22,292.73,2.44
401,Ponta do Sol,91,BR,1575569983,89,-20.63,-46.0,295.54,3.35
402,Dawei,18,MM,1575569983,48,14.07,98.19,297.2,13.52
403,Biak,100,ID,1575569983,80,-0.91,122.88,300.73,2.73
404,Iwanai,100,JP,1575569983,88,42.97,140.51,268.12,5.42
405,Joao Neiva,75,BR,1575569983,83,-19.76,-40.39,301.15,6.7
406,Muros,20,ES,1575569983,93,42.77,-9.06,287.04,3.6
407,Sann,36,PK,1575569983,59,26.04,68.14,291.15,2.1
408,Libreville,40,GA,1575569983,78,0.39,9.45,301.15,2.6
409,Vao,100,EE,1575569983,83,59.1,26.19,278.15,6.73
410,Nyimba,53,ZM,1575569983,82,-14.56,30.81,294.51,2.66
411,Khorramshahr,0,IR,1575569983,77,30.43,48.18,288.15,2.1
412,Balili,76,PH,1575569983,98,17.05,120.93,288.46,0.48
413,Tokur,26,RU,1575569983,96,53.13,132.9,242.41,0.94
414,Stephenville,90,CA,1575569983,96,48.55,-58.59,273.71,3.23
415,Pacific Grove,20,US,1575569700,100,36.62,-121.92,288.15,5.4
416,Morant Bay,20,JM,1575569983,70,17.88,-76.41,305.15,5.1
417,Praia da Vitoria,20,PT,1575569726,68,38.73,-27.07,291.15,0.82
418,Champua,72,IN,1575569983,55,22.04,85.66,287.43,0.2
419,Kayerkan,40,RU,1575569984,72,69.35,87.76,262.15,9.0
420,Staritsa,100,RU,1575569984,87,56.51,34.93,275.02,6.04
421,Preobrazheniye,0,RU,1575569984,68,42.9,133.91,256.77,4.13
422,Sur,0,OM,1575569984,60,22.57,59.53,295.34,4.42
423,Maturin,32,VE,1575569984,72,9.75,-63.18,302.22,4.28
424,Selma,8,US,1575569984,27,32.41,-87.02,291.15,2.1
425,Cangucu,0,BR,1575569984,30,-31.39,-52.68,301.15,6.2
426,Pisco,48,PE,1575569984,30,-13.71,-76.2,295.15,5.7
427,Lata,0,IN,1575569984,14,30.78,78.62,267.43,2.81
428,Humboldt,3,CA,1575569984,92,52.21,-105.12,260.35,2.05
429,Yeppoon,90,AU,1575569984,78,-23.13,150.74,299.15,2.6
430,San Andres,94,PH,1575569984,95,13.32,122.68,296.88,1.44
431,Salalah,75,OM,1575569984,48,17.01,54.1,301.15,6.7
432,Coihaique,20,CL,1575569984,48,-45.58,-72.07,290.15,4.1
433,Ca Mau,93,VN,1575569794,82,9.18,105.15,294.2,2.46
434,Homer,75,US,1575569984,79,59.64,-151.54,269.15,2.1
435,Amapa,75,HN,1575569984,65,15.09,-87.97,301.48,3.6
436,Mount Isa,13,AU,1575569984,11,-20.73,139.49,297.15,4.18
437,Nome,1,US,1575569984,53,30.04,-94.42,297.15,3.1
438,Esperance,1,AU,1575569984,93,-33.86,121.89,285.15,3.1
439,Defiance,1,US,1575569884,56,41.28,-84.36,279.26,2.6
440,Burgeo,100,CA,1575569984,93,47.61,-57.61,274.72,2.93
441,Novhorodka,3,UA,1575569985,92,48.37,32.66,272.15,2.0
442,Heihe,0,RU,1575569985,49,50.24,127.51,254.15,3.0
443,Saint-Joseph,90,FR,1575569985,62,43.56,6.97,286.15,1.0
444,Morelia,5,MX,1575569985,49,19.7,-101.19,294.15,3.1
445,Coahuayana,0,MX,1575569985,48,18.62,-100.35,304.25,1.05
446,Merke,81,KZ,1575569985,47,42.87,73.19,277.95,0.55
447,Cabo San Lucas,5,MX,1575569985,78,22.89,-109.91,299.82,1.5
448,Aksu,90,KZ,1575569985,100,52.04,76.93,275.15,3.0
449,Linfen,0,CN,1575569985,42,36.09,111.52,274.25,1.47
450,Saint-Augustin,90,CA,1575569985,72,45.63,-73.98,273.71,8.2
451,Kilgore,1,US,1575569985,42,32.39,-94.88,294.15,4.1
452,Tomatlan,0,MX,1575569985,46,19.93,-105.25,301.83,1.78
453,Burnie,42,AU,1575569985,87,-41.05,145.91,282.04,4.02
454,Wajir,5,KE,1575569985,83,1.75,40.07,300.15,1.5
455,Cheney,90,US,1575569838,100,47.49,-117.58,278.15,2.29
456,Bisira,73,PA,1575569985,73,8.52,-81.71,297.06,4.74
457,Dannenberg,90,DE,1575569985,85,53.1,11.1,275.93,7.7
458,Bambanglipuro,93,ID,1575569985,87,-7.95,110.28,297.64,0.74
459,Sorong,84,ID,1575569986,96,-0.86,131.25,296.75,0.16
460,Iralaya,40,HN,1575569986,70,15.0,-83.23,304.15,5.1
461,Mount Darwin,73,ZW,1575569986,64,-16.77,31.58,294.97,5.29
462,Bindki,14,IN,1575569986,35,26.04,80.58,289.76,1.43
463,Sarandi,48,BR,1575569827,56,-27.94,-52.92,296.15,10.3
464,La Ronge,90,CA,1575569986,77,55.1,-105.3,259.15,2.1
465,Prieska,100,ZA,1575569986,53,-29.67,22.74,295.56,6.72
466,Timbuktu,2,ML,1575569986,14,16.77,-3.01,298.88,2.0
467,Lima,40,PE,1575569504,69,-12.06,-77.04,297.15,6.2
468,Sangar,95,RU,1575569986,99,63.92,127.47,231.0,1.58
469,Kayes,0,ML,1575569986,21,14.44,-11.44,305.15,4.1
470,Jaguaruna,93,BR,1575569986,62,-28.62,-49.03,297.62,3.26
471,Vysokogornyy,100,RU,1575569986,100,50.1,139.13,246.53,1.99
472,Lujiang,97,CN,1575569986,80,31.26,117.28,277.15,4.0
473,Rockland,90,CA,1575569986,63,45.55,-75.29,270.37,4.6
474,Dukat,100,AL,1575569986,73,40.25,19.57,288.29,4.31
475,Sao Domingos,45,BR,1575569986,55,-13.4,-46.32,303.85,2.1
476,Makakilo City,90,US,1575569986,83,21.35,-158.09,299.26,2.66
477,Verkhnyaya Inta,98,RU,1575569986,94,65.99,60.32,259.77,2.48
478,Coquimbo,75,CL,1575569986,72,-29.95,-71.34,297.59,5.1
479,Matara,84,BI,1575569986,93,-3.48,29.48,288.19,0.52
480,Cheremukhovo,100,RU,1575569986,93,56.23,46.23,274.56,6.3
481,Riyadh,0,SA,1575569986,48,24.63,46.72,291.15,2.1
482,Saldanha,0,PT,1575569987,78,41.42,-6.55,281.1,5.3
483,Santiago,59,PH,1575569987,97,16.69,121.54,294.56,0.22
484,Porto Novo,75,BR,1575569987,65,-23.68,-45.44,301.15,2.6
485,Marsh Harbour,100,BS,1575569987,52,26.54,-77.06,295.48,4.43
486,San Ramon,40,NI,1575569987,64,12.92,-85.84,296.15,6.2
487,Rajbiraj,6,NP,1575569987,57,26.54,86.75,291.44,1.6
488,Nanlong,60,CN,1575569987,68,31.35,106.05,282.34,0.32
489,Madaoua,35,NE,1575569987,11,14.07,5.96,299.01,3.66
490,Emerald,11,AU,1575569987,73,-23.53,148.16,297.15,2.1
491,Mangrol,98,IN,1575569987,43,25.33,76.51,288.87,2.59
492,Xanxere,75,BR,1575569987,73,-26.88,-52.4,297.15,5.1
493,Kamenka,0,MD,1575569987,79,48.03,28.7,270.93,1.92
494,Kalat,0,PK,1575569987,39,29.03,66.58,279.2,1.38
495,Teguise,75,ES,1575569987,68,29.06,-13.56,291.15,9.8
496,Irtyshskiy,83,RU,1575569987,97,58.33,68.13,260.31,2.45
497,Samarai,99,PG,1575569987,91,-10.62,150.67,296.6,1.31
498,Steamboat Springs,90,US,1575569912,100,40.48,-106.83,275.15,0.88
499,Grand Forks,90,US,1575569987,86,47.91,-97.06,272.15,11.3
500,Puerto Plata,40,DO,1575569987,79,19.79,-70.69,304.26,2.6
501,Mielec,0,PL,1575569987,79,50.29,21.42,274.26,5.1
502,Dagestanskiye Ogni,30,RU,1575569988,81,42.12,48.19,271.22,2.29
503,San Jeronimo,40,PE,1575569988,100,-13.65,-73.37,276.15,7.7
504,Oistins,40,BB,1575569842,58,13.07,-59.53,304.15,9.3
505,Kostrzyn,0,PL,1575569988,69,52.4,17.23,274.26,4.1
506,Lusaka,40,ZM,1575569988,89,-15.42,28.28,292.34,2.6
507,Luangwa,44,MZ,1575569988,54,-15.62,30.4,299.97,2.0
508,Churapcha,100,RU,1575569988,97,62.0,132.43,234.43,1.88
509,Zhangzhou,90,CN,1575569988,87,24.51,117.65,284.15,1.0
510,Terrace Bay,90,CA,1575569988,79,48.78,-87.1,266.15,2.6
511,Sumter,1,US,1575569988,23,33.92,-80.34,291.15,0.72
512,Babushkin,38,RU,1575569988,91,51.72,105.86,260.64,1.07
513,Aguimes,75,ES,1575569988,72,27.91,-15.45,292.04,4.1
514,Stokmarknes,75,NO,1575569988,70,68.56,14.91,277.15,2.6
515,Diphu,0,IN,1575569988,76,25.84,93.44,287.14,1.14
516,Broken Hill,0,AU,1575569988,54,-31.97,141.45,291.15,2.6
517,Huruesti,0,RO,1575569988,92,46.27,27.25,271.15,3.6
518,Bhadrachalam,66,IN,1575569988,84,17.67,80.89,292.76,1.72
519,Lovington,5,US,1575569988,37,32.94,-103.35,293.15,12.3
520,Guozhen,98,CN,1575569988,48,29.3,113.14,281.39,3.6
521,Verkhneyarkeyevo,2,RU,1575569988,94,55.45,54.3,263.54,4.18
522,Athens,75,GR,1575569728,66,37.98,23.73,285.37,5.13
523,Gamba,22,CN,1575569988,30,28.28,88.52,266.04,0.55
524,Khipro,83,PK,1575569988,23,25.83,69.38,294.14,4.72
525,Tabou,99,CI,1575569988,87,4.42,-7.36,298.77,3.03
526,Vestmannaeyjar,72,IS,1575569988,79,63.44,-20.27,271.15,5.1
527,Andalan,100,PH,1575569989,76,5.96,121.39,300.85,1.69
528,Black River,75,JM,1575569989,70,18.03,-77.85,302.15,4.6
529,Parlakimidi,45,IN,1575569989,75,18.77,84.08,288.94,0.93
530,Rome,40,IT,1575569707,66,41.89,12.48,286.15,2.1
531,Ambon,83,FR,1575569989,93,47.55,-2.56,279.15,1.5
532,Williams Lake,90,CA,1575569989,85,52.13,-122.14,265.15,1.5
533,Constitucion,20,MX,1575569989,20,23.99,-104.67,293.15,0.18
534,Atambua,87,ID,1575569989,84,-9.11,124.89,297.58,1.07
535,Santa Fe,0,AR,1575569989,24,-31.62,-60.7,300.89,2.48
536,Usta Muhammad,0,PK,1575569989,25,28.18,68.05,291.69,1.95
